﻿<?xml version="1.0" encoding="utf-8"?>
<Contents>
  <Version>3</Version>
  <!--Acquisition Time should be of the US format YYYY-MM-DDTHH:MM:SSZ-->
  <!--example "2005-09-20T21:53:39Z" and "2005-11-20T5:53:39Z"-->
  <AcquiredTime>2014-06-19T14:49:00Z</AcquiredTime>
  <!--AcqStatus (0 = Init / 1 = Start / 2 = End)-->
  <AcqStatus>2</AcqStatus>
  <InstrumentName>GC-MS</InstrumentName>
  <!--LockedMode (0 = False / -1 = True)-->
  <LockedMode>0</LockedMode>
  <!--MeasurementType 0 - Unknown / 1- Infusion / 2 - Chromatographic-->
  <MeasurementType>2</MeasurementType>
</Contents>