<?xml version="1.0" encoding="UTF-8"?>
<!--Worklist Manager Information-->
<WorklistManager><Version>3,4</Version><!--WorklistInfo Information--><WorklistInfo><!--Run in locked mode? Yes(-1): No(0)--><LockedRunMode>0</LockedRunMode><!--Execution Parameter for Worklist--><Params><OperatorName>Chris</OperatorName><DataFileName><AutoCounter>-1</AutoCounter><PrefixValue></PrefixValue><CounterValue></CounterValue><DefaultPath></DefaultPath><DataFileName></DataFileName></DataFileName><RunType>0</RunType><MethodExecutionType>Both Acquisition and DA</MethodExecutionType><AcqMethodPath></AcqMethodPath><DAMethodPath></DAMethodPath><ExportOutputPath></ExportOutputPath><CombineExportOutput>0</CombineExportOutput><CombinedExportOutputFile></CombinedExportOutputFile><SynchronousExecution>-1</SynchronousExecution><StopWorklistOnDAError>-1</StopWorklistOnDAError><OverlappedInjections>-1</OverlappedInjections><UseBarcode>0</UseBarcode><InjectOnBarcodeMismatch>-1</InjectOnBarcodeMismatch><ThresholdDiskSpace>10240</ThresholdDiskSpace><ReadyTimeOut>10</ReadyTimeOut><ClearRunCheckBox>-1</ClearRunCheckBox><UsePreWorklistMacro>0</UsePreWorklistMacro><PreWorklistMacro><ProjectName></ProjectName><ProcedureName></ProcedureName><InputParameter></InputParameter><OutputDataType>0</OutputDataType><OutputParameter></OutputParameter><DisplayString></DisplayString></PreWorklistMacro><UsePostWorklistMacro>0</UsePostWorklistMacro><PostWorklistMacro><ProjectName></ProjectName><ProcedureName></ProcedureName><InputParameter></InputParameter><OutputDataType>0</OutputDataType><OutputParameter></OutputParameter><DisplayString></DisplayString></PostWorklistMacro><RunAcqCleanMacroOnError>0</RunAcqCleanMacroOnError><AcqCleanMacro><ProjectName></ProjectName><ProcedureName></ProcedureName><InputParameter></InputParameter><OutputDataType>0</OutputDataType><OutputParameter></OutputParameter><DisplayString></DisplayString></AcqCleanMacro><Description></Description></Params><!--The attribute/column information--><AttributeInformation><!--Attribute types can be System Defined = 0, System Used = 1, User Added = 2--><!--Field Type - Each of the system defined columns have a  field type starting from sampleid = 0 to reserved6 = 25--><!--Field Type - The system used column can be compound param = 35, optim param = 36, mass param = 37 and protein param = 38--><!--Field Type - The User added column  starts from 45--><Attributes><AttributeID>0</AttributeID><AttributeType>0</AttributeType><FieldType>0</FieldType><SystemName>Sample ID</SystemName><HeaderName>Sample ID</HeaderName><DataType>8</DataType><DefaultDataValue></DefaultDataValue><ReorderID>0</ReorderID><ShowHideStatus>-1</ShowHideStatus><ColumnWidth>1000</ColumnWidth></Attributes><Attributes><AttributeID>1</AttributeID><AttributeType>0</AttributeType><FieldType>1</FieldType><SystemName>Sample Name</SystemName><HeaderName>Sample Name</HeaderName><DataType>8</DataType><DefaultDataValue></DefaultDataValue><ReorderID>1</ReorderID><ShowHideStatus>-1</ShowHideStatus><ColumnWidth>1000</ColumnWidth></Attributes><Attributes><AttributeID>2</AttributeID><AttributeType>0</AttributeType><FieldType>2</FieldType><SystemName>Rack Code</SystemName><HeaderName>Rack Code</HeaderName><DataType>8</DataType><DefaultDataValue></DefaultDataValue><ReorderID>2</ReorderID><ShowHideStatus>-1</ShowHideStatus><ColumnWidth>1000</ColumnWidth></Attributes><Attributes><AttributeID>3</AttributeID><AttributeType>0</AttributeType><FieldType>3</FieldType><SystemName>Rack Position</SystemName><HeaderName>Rack Position</HeaderName><DataType>8</DataType><DefaultDataValue></DefaultDataValue><ReorderID>3</ReorderID><ShowHideStatus>-1</ShowHideStatus><ColumnWidth>1000</ColumnWidth></Attributes><Attributes><AttributeID>4</AttributeID><AttributeType>0</AttributeType><FieldType>4</FieldType><SystemName>Plate Code</SystemName><HeaderName>Plate Code</HeaderName><DataType>8</DataType><DefaultDataValue></DefaultDataValue><ReorderID>4</ReorderID><ShowHideStatus>-1</ShowHideStatus><ColumnWidth>1000</ColumnWidth></Attributes><Attributes><AttributeID>5</AttributeID><AttributeType>0</AttributeType><FieldType>5</FieldType><SystemName>Plate Position</SystemName><HeaderName>Plate Position</HeaderName><DataType>8</DataType><DefaultDataValue></DefaultDataValue><ReorderID>5</ReorderID><ShowHideStatus>-1</ShowHideStatus><ColumnWidth>1000</ColumnWidth></Attributes><Attributes><AttributeID>6</AttributeID><AttributeType>0</AttributeType><FieldType>6</FieldType><SystemName>Sample Position</SystemName><HeaderName>Sample Position</HeaderName><DataType>8</DataType><DefaultDataValue></DefaultDataValue><ReorderID>6</ReorderID><ShowHideStatus>-1</ShowHideStatus><ColumnWidth>1000</ColumnWidth></Attributes><Attributes><AttributeID>7</AttributeID><AttributeType>0</AttributeType><FieldType>7</FieldType><SystemName>Acq Method</SystemName><HeaderName>Acq Method</HeaderName><DataType>8</DataType><DefaultDataValue></DefaultDataValue><ReorderID>7</ReorderID><ShowHideStatus>-1</ShowHideStatus><ColumnWidth>1000</ColumnWidth></Attributes><Attributes><AttributeID>8</AttributeID><AttributeType>0</AttributeType><FieldType>8</FieldType><SystemName>DA Method</SystemName><HeaderName>DA Method</HeaderName><DataType>8</DataType><DefaultDataValue></DefaultDataValue><ReorderID>8</ReorderID><ShowHideStatus>-1</ShowHideStatus><ColumnWidth>1000</ColumnWidth></Attributes><Attributes><AttributeID>9</AttributeID><AttributeType>0</AttributeType><FieldType>9</FieldType><SystemName>Data File</SystemName><HeaderName>Data File</HeaderName><DataType>8</DataType><DefaultDataValue></DefaultDataValue><ReorderID>9</ReorderID><ShowHideStatus>-1</ShowHideStatus><ColumnWidth>1000</ColumnWidth></Attributes><Attributes><AttributeID>10</AttributeID><AttributeType>0</AttributeType><FieldType>10</FieldType><SystemName>Sample Type</SystemName><HeaderName>Sample Type</HeaderName><DataType>8</DataType><DefaultDataValue>Sample</DefaultDataValue><ReorderID>10</ReorderID><ShowHideStatus>-1</ShowHideStatus><ColumnWidth>1000</ColumnWidth></Attributes><Attributes><AttributeID>11</AttributeID><AttributeType>0</AttributeType><FieldType>11</FieldType><SystemName>Method Type</SystemName><HeaderName>Method Type</HeaderName><DataType>8</DataType><DefaultDataValue>Method No Override</DefaultDataValue><ReorderID>11</ReorderID><ShowHideStatus>-1</ShowHideStatus><ColumnWidth>1000</ColumnWidth></Attributes><Attributes><AttributeID>12</AttributeID><AttributeType>0</AttributeType><FieldType>12</FieldType><SystemName>Balance Override</SystemName><HeaderName>Balance Override</HeaderName><DataType>8</DataType><DefaultDataValue>No Override</DefaultDataValue><ReorderID>12</ReorderID><ShowHideStatus>-1</ShowHideStatus><ColumnWidth>1000</ColumnWidth></Attributes><Attributes><AttributeID>13</AttributeID><AttributeType>0</AttributeType><FieldType>13</FieldType><SystemName>Inj Vol (µl)</SystemName><HeaderName>Inj Vol (µl)</HeaderName><DataType>5</DataType><DefaultDataValue>5</DefaultDataValue><ReorderID>13</ReorderID><ShowHideStatus>-1</ShowHideStatus><ColumnWidth>1000</ColumnWidth></Attributes><Attributes><AttributeID>14</AttributeID><AttributeType>0</AttributeType><FieldType>14</FieldType><SystemName>Equilib Time (min)</SystemName><HeaderName>Equilib Time (min)</HeaderName><DataType>5</DataType><DefaultDataValue>0</DefaultDataValue><ReorderID>14</ReorderID><ShowHideStatus>-1</ShowHideStatus><ColumnWidth>1000</ColumnWidth></Attributes><Attributes><AttributeID>15</AttributeID><AttributeType>0</AttributeType><FieldType>15</FieldType><SystemName>Dilution</SystemName><HeaderName>Dilution</HeaderName><DataType>5</DataType><DefaultDataValue>1</DefaultDataValue><ReorderID>15</ReorderID><ShowHideStatus>-1</ShowHideStatus><ColumnWidth>1000</ColumnWidth></Attributes><Attributes><AttributeID>16</AttributeID><AttributeType>0</AttributeType><FieldType>16</FieldType><SystemName>Wt/Vol</SystemName><HeaderName>Wt/Vol</HeaderName><DataType>5</DataType><DefaultDataValue>0</DefaultDataValue><ReorderID>16</ReorderID><ShowHideStatus>-1</ShowHideStatus><ColumnWidth>1000</ColumnWidth></Attributes><Attributes><AttributeID>17</AttributeID><AttributeType>0</AttributeType><FieldType>17</FieldType><SystemName>Comment</SystemName><HeaderName>Comment</HeaderName><DataType>8</DataType><DefaultDataValue></DefaultDataValue><ReorderID>17</ReorderID><ShowHideStatus>-1</ShowHideStatus><ColumnWidth>1000</ColumnWidth></Attributes><Attributes><AttributeID>18</AttributeID><AttributeType>0</AttributeType><FieldType>18</FieldType><SystemName>Barcode</SystemName><HeaderName>Barcode</HeaderName><DataType>8</DataType><DefaultDataValue></DefaultDataValue><ReorderID>18</ReorderID><ShowHideStatus>-1</ShowHideStatus><ColumnWidth>1000</ColumnWidth></Attributes><Attributes><AttributeID>19</AttributeID><AttributeType>0</AttributeType><FieldType>19</FieldType><SystemName>Reserved1</SystemName><HeaderName>Reserved1</HeaderName><DataType>8</DataType><DefaultDataValue></DefaultDataValue><ReorderID>-1</ReorderID><ShowHideStatus>0</ShowHideStatus><ColumnWidth>-1</ColumnWidth></Attributes><Attributes><AttributeID>20</AttributeID><AttributeType>0</AttributeType><FieldType>20</FieldType><SystemName>Reserved2</SystemName><HeaderName>Reserved2</HeaderName><DataType>8</DataType><DefaultDataValue></DefaultDataValue><ReorderID>-1</ReorderID><ShowHideStatus>0</ShowHideStatus><ColumnWidth>-1</ColumnWidth></Attributes><Attributes><AttributeID>21</AttributeID><AttributeType>0</AttributeType><FieldType>21</FieldType><SystemName>Reserved3</SystemName><HeaderName>Reserved3</HeaderName><DataType>8</DataType><DefaultDataValue></DefaultDataValue><ReorderID>-1</ReorderID><ShowHideStatus>0</ShowHideStatus><ColumnWidth>-1</ColumnWidth></Attributes><Attributes><AttributeID>22</AttributeID><AttributeType>0</AttributeType><FieldType>22</FieldType><SystemName>Reserved4</SystemName><HeaderName>Reserved4</HeaderName><DataType>5</DataType><DefaultDataValue>0</DefaultDataValue><ReorderID>-1</ReorderID><ShowHideStatus>0</ShowHideStatus><ColumnWidth>-1</ColumnWidth></Attributes><Attributes><AttributeID>23</AttributeID><AttributeType>0</AttributeType><FieldType>23</FieldType><SystemName>Reserved5</SystemName><HeaderName>Reserved5</HeaderName><DataType>5</DataType><DefaultDataValue>0</DefaultDataValue><ReorderID>-1</ReorderID><ShowHideStatus>0</ShowHideStatus><ColumnWidth>-1</ColumnWidth></Attributes><Attributes><AttributeID>24</AttributeID><AttributeType>0</AttributeType><FieldType>24</FieldType><SystemName>Reserved6</SystemName><HeaderName>Reserved6</HeaderName><DataType>5</DataType><DefaultDataValue>0</DefaultDataValue><ReorderID>-1</ReorderID><ShowHideStatus>0</ShowHideStatus><ColumnWidth>-1</ColumnWidth></Attributes><Attributes><AttributeID>25</AttributeID><AttributeType>0</AttributeType><FieldType>25</FieldType><SystemName>Level Name</SystemName><HeaderName>Level Name</HeaderName><DataType>8</DataType><DefaultDataValue></DefaultDataValue><ReorderID>25</ReorderID><ShowHideStatus>-1</ShowHideStatus><ColumnWidth>1000</ColumnWidth></Attributes><Attributes><AttributeID>26</AttributeID><AttributeType>2</AttributeType><FieldType>46</FieldType><SystemName>23672</SystemName><HeaderName>Expected Barcode</HeaderName><DataType>8</DataType><DefaultDataValue></DefaultDataValue><ReorderID>-1</ReorderID><ShowHideStatus>0</ShowHideStatus><ColumnWidth>1000</ColumnWidth></Attributes><Attributes><AttributeID>27</AttributeID><AttributeType>2</AttributeType><FieldType>46</FieldType><SystemName>23673</SystemName><HeaderName>Sample Amount</HeaderName><DataType>8</DataType><DefaultDataValue></DefaultDataValue><ReorderID>-1</ReorderID><ShowHideStatus>0</ShowHideStatus><ColumnWidth>1000</ColumnWidth></Attributes><Attributes><AttributeID>28</AttributeID><AttributeType>2</AttributeType><FieldType>46</FieldType><SystemName>23674</SystemName><HeaderName>Vial</HeaderName><DataType>8</DataType><DefaultDataValue>1</DefaultDataValue><ReorderID>-1</ReorderID><ShowHideStatus>0</ShowHideStatus><ColumnWidth>1000</ColumnWidth></Attributes><Attributes><AttributeID>29</AttributeID><AttributeType>2</AttributeType><FieldType>46</FieldType><SystemName>23675</SystemName><HeaderName>SeqPath</HeaderName><DataType>8</DataType><DefaultDataValue>C:\Programme\msdchem\1\SEQUENCE\DEFAULT.S</DefaultDataValue><ReorderID>-1</ReorderID><ShowHideStatus>0</ShowHideStatus><ColumnWidth>1000</ColumnWidth></Attributes><Attributes><AttributeID>30</AttributeID><AttributeType>2</AttributeType><FieldType>46</FieldType><SystemName>23676</SystemName><HeaderName>TuneName</HeaderName><DataType>8</DataType><DefaultDataValue>atune.u</DefaultDataValue><ReorderID>-1</ReorderID><ShowHideStatus>0</ShowHideStatus><ColumnWidth>1000</ColumnWidth></Attributes><Attributes><AttributeID>31</AttributeID><AttributeType>2</AttributeType><FieldType>46</FieldType><SystemName>23677</SystemName><HeaderName>TunePath</HeaderName><DataType>8</DataType><DefaultDataValue>C:\Programme\msdchem\1\5973\</DefaultDataValue><ReorderID>-1</ReorderID><ShowHideStatus>0</ShowHideStatus><ColumnWidth>1000</ColumnWidth></Attributes><Attributes><AttributeID>32</AttributeID><AttributeType>2</AttributeType><FieldType>46</FieldType><SystemName>23678</SystemName><HeaderName>TuneDateStamp</HeaderName><DataType>8</DataType><DefaultDataValue>10 Jul 2013   3:19 pm</DefaultDataValue><ReorderID>-1</ReorderID><ShowHideStatus>0</ShowHideStatus><ColumnWidth>1000</ColumnWidth></Attributes></AttributeInformation><!--Jobs table array--><JobDataList><Label>worklist</Label><JobData><JobType>0</JobType><RunStatus>-1</RunStatus><SampleInfo><Label></Label><Identifier></Identifier><Name>2,6-Dimethyl-1,7-octadien-3-ol</Name><RackCode></RackCode><RackPosition></RackPosition><PlateCode></PlateCode><PlatePosition></PlatePosition><SamplePosition>1</SamplePosition><AcqMethod>50-5-10-320SD3.M</AcqMethod><DAMethod></DAMethod><DataFileName>G:\CG0241.D</DataFileName><SampleType>Sample</SampleType><MethodExecutionType>Method No Override</MethodExecutionType><BalanceType></BalanceType><InjectionVolume>0</InjectionVolume><EquilibrationTime>0</EquilibrationTime><DilutionFactor>1</DilutionFactor><WeightPerVolume>0</WeightPerVolume><Description>50-5-10-320SD3, bpx-5, 25m, 35:1</Description><Barcode></Barcode><Reserved1></Reserved1><Reserved2></Reserved2><Reserved3></Reserved3><Reserved4>0</Reserved4><Reserved5>0</Reserved5><Reserved6>0</Reserved6><CalibLevelName></CalibLevelName><SampleDataArray><AttributeID>26</AttributeID><DataType>8</DataType><DataValue></DataValue></SampleDataArray><SampleDataArray><AttributeID>27</AttributeID><DataType>8</DataType><DataValue></DataValue></SampleDataArray><SampleDataArray><AttributeID>28</AttributeID><DataType>8</DataType><DataValue>1</DataValue></SampleDataArray><SampleDataArray><AttributeID>29</AttributeID><DataType>8</DataType><DataValue>C:\Programme\msdchem\1\SEQUENCE\DEFAULT.S</DataValue></SampleDataArray><SampleDataArray><AttributeID>30</AttributeID><DataType>8</DataType><DataValue>atune.u</DataValue></SampleDataArray><SampleDataArray><AttributeID>31</AttributeID><DataType>8</DataType><DataValue>C:\Programme\msdchem\1\5973\</DataValue></SampleDataArray><SampleDataArray><AttributeID>32</AttributeID><DataType>8</DataType><DataValue>10 Jul 2013   3:19 pm</DataValue></SampleDataArray><AcqTime>2013-07-17T10:34:14Z</AcqTime><SampleLockedRunMode>0</SampleLockedRunMode><RunCompletedFlag>-1</RunCompletedFlag></SampleInfo></JobData></JobDataList></WorklistInfo></WorklistManager>
